epoch,time,train/box_loss,train/cls_loss,train/dfl_loss,metrics/precision(B),metrics/recall(B),metrics/mAP50(B),metrics/mAP50-95(B),val/box_loss,val/cls_loss,val/dfl_loss,lr/pg0,lr/pg1,lr/pg2
1,73.7621,1.57655,2.42048,1.39055,0.43749,0.86486,0.57187,0.25541,1.61022,1.80465,1.35367,0.000551962,0.000551962,0.000551962
2,142.281,1.59377,2.13329,1.45904,0.47568,0.87359,0.55771,0.31223,1.46272,1.89844,1.25511,0.0010857,0.0010857,0.0010857
3,211.118,1.53435,1.97519,1.39109,0.5635,0.80673,0.59721,0.305,1.51769,1.72016,1.25915,0.00159743,0.00159743,0.00159743
4,279.999,1.51113,1.83379,1.37857,0.52526,0.88781,0.63686,0.37832,1.35422,1.42693,1.21115,0.00156798,0.00156798,0.00156798
5,349.383,1.50573,1.66196,1.388,0.47775,0.90976,0.61773,0.33805,1.41895,1.38713,1.31328,0.00153497,0.00153497,0.00153497
6,418.674,1.47966,1.56261,1.34845,0.46655,1,0.61805,0.3435,1.48305,1.29502,1.21159,0.00150197,0.00150197,0.00150197
7,488.098,1.44532,1.47768,1.34697,0.5587,0.83564,0.76901,0.42936,1.46209,1.24745,1.24944,0.00146896,0.00146896,0.00146896
8,557.258,1.43289,1.40675,1.34119,0.56882,0.87021,0.78886,0.44847,1.39543,1.39141,1.24484,0.00143595,0.00143595,0.00143595
9,627.222,1.43408,1.41309,1.33513,0.62895,0.82181,0.80493,0.48569,1.35582,1.18369,1.2157,0.00140295,0.00140295,0.00140295
10,696.698,1.32387,1.23915,1.27697,0.78522,0.68699,0.80767,0.44197,1.51351,1.19607,1.21045,0.00136994,0.00136994,0.00136994
11,766.307,1.35517,1.25971,1.28803,0.61649,0.88592,0.84921,0.49584,1.42081,1.11472,1.24011,0.00133693,0.00133693,0.00133693
12,836.2,1.31419,1.21142,1.27112,0.77611,0.84915,0.89576,0.55563,1.32369,1.00401,1.19156,0.00130393,0.00130393,0.00130393
13,906.235,1.27925,1.14356,1.26206,0.67056,0.82214,0.81779,0.49171,1.34309,1.05999,1.24792,0.00127092,0.00127092,0.00127092
14,976.178,1.26544,1.10656,1.25884,0.86782,0.81992,0.93324,0.58368,1.32919,0.91457,1.19088,0.00123791,0.00123791,0.00123791
15,1045.96,1.24072,1.0223,1.24511,0.84491,0.82719,0.92524,0.55761,1.3057,1.10505,1.23899,0.00120491,0.00120491,0.00120491
16,1115.84,1.23673,1.04409,1.24275,0.87523,0.92646,0.95307,0.57519,1.3228,0.83158,1.23564,0.0011719,0.0011719,0.0011719
17,1186.06,1.24772,1.05632,1.24723,0.83406,0.87778,0.94417,0.59539,1.27069,0.88867,1.2228,0.00113889,0.00113889,0.00113889
18,1256.5,1.21469,0.97366,1.24232,0.85753,0.87275,0.95214,0.60352,1.24639,0.83764,1.20284,0.00110589,0.00110589,0.00110589
19,1326.66,1.18284,0.93121,1.18666,0.89089,0.8996,0.9618,0.60551,1.26153,0.83289,1.27846,0.00107288,0.00107288,0.00107288
20,1396.82,1.14004,0.93363,1.1891,0.85944,0.94421,0.97657,0.64519,1.23965,0.72886,1.15421,0.00103987,0.00103987,0.00103987
21,1467.08,1.14725,0.92942,1.19548,0.94802,0.95722,0.98072,0.65637,1.20376,0.68977,1.16834,0.00100687,0.00100687,0.00100687
22,1537.01,1.15471,0.89703,1.17925,0.87614,0.88781,0.95522,0.62988,1.2203,0.7528,1.18908,0.000973861,0.000973861,0.000973861
23,1607.26,1.13714,0.87014,1.19306,0.91302,0.96018,0.97608,0.64177,1.2532,0.70668,1.25462,0.000940855,0.000940855,0.000940855
24,1677.36,1.07602,0.87423,1.1756,0.92302,0.93608,0.96925,0.64272,1.26212,0.71082,1.2182,0.000907848,0.000907848,0.000907848
25,1747.4,1.09162,0.84004,1.16962,0.85969,0.91672,0.92608,0.59186,1.29723,0.8134,1.17106,0.000874842,0.000874842,0.000874842
26,1818.02,1.07935,0.81757,1.15115,0.90784,0.93809,0.96449,0.6216,1.25146,0.70725,1.17441,0.000841835,0.000841835,0.000841835
27,1887.99,1.04436,0.8164,1.15108,0.89915,0.96226,0.97945,0.62024,1.24469,0.68115,1.22462,0.000808828,0.000808828,0.000808828
28,1958.08,1.03898,0.82277,1.14068,0.83287,0.95561,0.97268,0.63439,1.31239,0.80744,1.20527,0.000775822,0.000775822,0.000775822
29,2028.5,1.00706,0.7922,1.13106,0.9009,0.96512,0.97505,0.63529,1.23094,0.63955,1.20189,0.000742815,0.000742815,0.000742815
30,2099.95,1.01362,0.74499,1.12793,0.96941,0.9296,0.98524,0.64852,1.24903,0.62157,1.18538,0.000709809,0.000709809,0.000709809
31,2170.54,1.01393,0.81917,1.14604,0.88214,0.91607,0.96906,0.64936,1.21118,0.70087,1.19853,0.000676802,0.000676802,0.000676802
32,2241.18,0.98042,0.72386,1.11439,0.94899,0.94821,0.98131,0.6242,1.29498,0.64978,1.23734,0.000643795,0.000643795,0.000643795
33,2311.44,1.00479,0.74731,1.12522,0.96301,0.92054,0.98255,0.66081,1.23451,0.63448,1.21904,0.000610789,0.000610789,0.000610789
34,2382.09,0.96758,0.70971,1.10952,0.90811,0.97486,0.97987,0.63714,1.21395,0.67134,1.18901,0.000577782,0.000577782,0.000577782
35,2452.64,0.96516,0.72312,1.10908,0.93285,0.96135,0.97782,0.64695,1.21334,0.62722,1.20729,0.000544776,0.000544776,0.000544776
36,2522.91,0.92905,0.70682,1.09861,0.91145,0.97263,0.97879,0.65576,1.24219,0.64943,1.23672,0.000511769,0.000511769,0.000511769
37,2592.91,0.91194,0.69767,1.0837,0.93353,0.94541,0.97026,0.61286,1.28845,0.69461,1.24613,0.000478762,0.000478762,0.000478762
38,2663.18,0.8925,0.66135,1.07594,0.92585,0.91346,0.98546,0.6572,1.25976,0.63279,1.23833,0.000445756,0.000445756,0.000445756
39,2733.36,0.91805,0.64721,1.08832,0.98557,0.94186,0.9921,0.66249,1.23328,0.63728,1.24253,0.000412749,0.000412749,0.000412749
40,2803.45,0.87485,0.6302,1.06751,0.93625,0.95776,0.97796,0.64775,1.2324,0.63575,1.22901,0.000379743,0.000379743,0.000379743
41,2872.86,0.74077,0.49141,0.97909,0.94685,0.98567,0.983,0.65664,1.23634,0.59758,1.22167,0.000346736,0.000346736,0.000346736
42,2942.24,0.72629,0.478,0.98639,0.95519,0.97372,0.97977,0.66488,1.20979,0.59886,1.22665,0.000313729,0.000313729,0.000313729
43,3011.94,0.70474,0.46282,0.96793,0.93914,0.98346,0.98063,0.6537,1.23722,0.60679,1.22428,0.000280723,0.000280723,0.000280723
44,3081.27,0.67142,0.46259,0.96621,0.92159,0.98837,0.97877,0.65325,1.22486,0.59845,1.21616,0.000247716,0.000247716,0.000247716
45,3150.37,0.6651,0.43732,0.95783,0.94711,0.97024,0.9805,0.66381,1.22831,0.57811,1.20865,0.00021471,0.00021471,0.00021471
46,3219.59,0.68163,0.45578,0.95497,0.91401,0.96996,0.97447,0.65541,1.25386,0.61343,1.21961,0.000181703,0.000181703,0.000181703
47,3288.58,0.65021,0.4267,0.94346,0.92265,0.98649,0.97731,0.66671,1.21602,0.61344,1.24343,0.000148696,0.000148696,0.000148696
48,3357.88,0.62333,0.41183,0.93985,0.92078,0.98649,0.97699,0.66691,1.18419,0.60193,1.22251,0.00011569,0.00011569,0.00011569
49,3427.12,0.62361,0.40683,0.93346,0.92564,0.96436,0.9746,0.66277,1.19898,0.61871,1.21516,8.26832e-05,8.26832e-05,8.26832e-05
50,3496.08,0.60419,0.40749,0.93608,0.9041,1,0.97432,0.66589,1.18662,0.59804,1.21387,4.96766e-05,4.96766e-05,4.96766e-05
